index,slug,source_name,duration_seconds,width,height,has_audio,interval_seconds,frame_count,sheet_count,frame_dir,source_path
1,"video-001","01_AnBg2wIrY7.mp4",46.698,576,768,true,1.00,48,1,"/Users/zhangxiaohao/Ununu/ununuAI/ununu-unutv/video-analysis/kate-king-2026-07-19/analysis/dense-frames/video-001","/Users/zhangxiaohao/Ununu/downloads/KATE_KING_videohao_2026-07-19/01_AnBg2wIrY7.mp4"
2,"video-002","02_AS0rC6Ld70.mp4",41.194,720,960,true,1.00,42,1,"/Users/zhangxiaohao/Ununu/ununuAI/ununu-unutv/video-analysis/kate-king-2026-07-19/analysis/dense-frames/video-002","/Users/zhangxiaohao/Ununu/downloads/KATE_KING_videohao_2026-07-19/02_AS0rC6Ld70.mp4"
3,"video-003","04_Agin4LkDtD.mp4",15.040,720,960,true,1.00,15,1,"/Users/zhangxiaohao/Ununu/ununuAI/ununu-unutv/video-analysis/kate-king-2026-07-19/analysis/dense-frames/video-003","/Users/zhangxiaohao/Ununu/downloads/KATE_KING_videohao_2026-07-19/04_Agin4LkDtD.mp4"
4,"video-004","05_ApNbumZuui.mp4",38.272,576,768,true,1.00,39,1,"/Users/zhangxiaohao/Ununu/ununuAI/ununu-unutv/video-analysis/kate-king-2026-07-19/analysis/dense-frames/video-004","/Users/zhangxiaohao/Ununu/downloads/KATE_KING_videohao_2026-07-19/05_ApNbumZuui.mp4"
5,"video-005","06_AKf3UKjjph.mp4",32.576,576,768,true,1.00,34,1,"/Users/zhangxiaohao/Ununu/ununuAI/ununu-unutv/video-analysis/kate-king-2026-07-19/analysis/dense-frames/video-005","/Users/zhangxiaohao/Ununu/downloads/KATE_KING_videohao_2026-07-19/06_AKf3UKjjph.mp4"
6,"video-006","07_A9qm9uDYNr.mp4",31.274,576,768,true,1.00,32,1,"/Users/zhangxiaohao/Ununu/ununuAI/ununu-unutv/video-analysis/kate-king-2026-07-19/analysis/dense-frames/video-006","/Users/zhangxiaohao/Ununu/downloads/KATE_KING_videohao_2026-07-19/07_A9qm9uDYNr.mp4"
7,"video-007","08_Ald9UraLIN.mp4",34.538,576,768,true,1.00,35,1,"/Users/zhangxiaohao/Ununu/ununuAI/ununu-unutv/video-analysis/kate-king-2026-07-19/analysis/dense-frames/video-007","/Users/zhangxiaohao/Ununu/downloads/KATE_KING_videohao_2026-07-19/08_Ald9UraLIN.mp4"
8,"video-008","09_AYIcbqbUwP.mp4",49.792,576,768,true,1.00,51,2,"/Users/zhangxiaohao/Ununu/ununuAI/ununu-unutv/video-analysis/kate-king-2026-07-19/analysis/dense-frames/video-008","/Users/zhangxiaohao/Ununu/downloads/KATE_KING_videohao_2026-07-19/09_AYIcbqbUwP.mp4"
9,"video-009","10_AkHfGI5Ejk.mp4",23.765,576,768,true,1.00,24,1,"/Users/zhangxiaohao/Ununu/ununuAI/ununu-unutv/video-analysis/kate-king-2026-07-19/analysis/dense-frames/video-009","/Users/zhangxiaohao/Ununu/downloads/KATE_KING_videohao_2026-07-19/10_AkHfGI5Ejk.mp4"
10,"video-010","11_A2N1k9CHup.mp4",16.000,576,768,true,1.00,16,1,"/Users/zhangxiaohao/Ununu/ununuAI/ununu-unutv/video-analysis/kate-king-2026-07-19/analysis/dense-frames/video-010","/Users/zhangxiaohao/Ununu/downloads/KATE_KING_videohao_2026-07-19/11_A2N1k9CHup.mp4"
11,"video-011","12_A2UeCY6f6g.mp4",24.789,576,768,true,1.00,25,1,"/Users/zhangxiaohao/Ununu/ununuAI/ununu-unutv/video-analysis/kate-king-2026-07-19/analysis/dense-frames/video-011","/Users/zhangxiaohao/Ununu/downloads/KATE_KING_videohao_2026-07-19/12_A2UeCY6f6g.mp4"
12,"video-012","13_AKAvaiuYfR.mp4",61.290,720,960,true,1.00,62,2,"/Users/zhangxiaohao/Ununu/ununuAI/ununu-unutv/video-analysis/kate-king-2026-07-19/analysis/dense-frames/video-012","/Users/zhangxiaohao/Ununu/downloads/KATE_KING_videohao_2026-07-19/13_AKAvaiuYfR.mp4"
13,"video-013","14_A0J7rrSRwx.mp4",48.021,720,960,true,1.00,49,1,"/Users/zhangxiaohao/Ununu/ununuAI/ununu-unutv/video-analysis/kate-king-2026-07-19/analysis/dense-frames/video-013","/Users/zhangxiaohao/Ununu/downloads/KATE_KING_videohao_2026-07-19/14_A0J7rrSRwx.mp4"
14,"video-014","15_Ah6YATHjTT.mp4",38.037,576,768,true,1.00,39,1,"/Users/zhangxiaohao/Ununu/ununuAI/ununu-unutv/video-analysis/kate-king-2026-07-19/analysis/dense-frames/video-014","/Users/zhangxiaohao/Ununu/downloads/KATE_KING_videohao_2026-07-19/15_Ah6YATHjTT.mp4"
15,"video-015","16_AcYsHD1WFA.mp4",48.532,720,960,true,1.00,49,1,"/Users/zhangxiaohao/Ununu/ununuAI/ununu-unutv/video-analysis/kate-king-2026-07-19/analysis/dense-frames/video-015","/Users/zhangxiaohao/Ununu/downloads/KATE_KING_videohao_2026-07-19/16_AcYsHD1WFA.mp4"
16,"video-016","17_AFwyfWCyOU.mp4",42.538,576,768,true,1.00,43,1,"/Users/zhangxiaohao/Ununu/ununuAI/ununu-unutv/video-analysis/kate-king-2026-07-19/analysis/dense-frames/video-016","/Users/zhangxiaohao/Ununu/downloads/KATE_KING_videohao_2026-07-19/17_AFwyfWCyOU.mp4"
